{"cameraMode":{"drawMode":0,"name":"Shaded","section":"Shading Mode"},"sceneLighting":true,"audioPlay":false,"sceneViewState":{"showFog":false,"showMaterialUpdate":false,"showSkybox":true,"showFlares":false,"showImageEffects":false,"showParticleSystems":false},"in2DMode":false,"pivot":{"x":57.79549789428711,"y":19.92867088317871,"z":-6.286925792694092},"rotation":{"x":-0.010809998959302903,"y":-0.0050868988037109379,"z":0.00005408940705819987,"w":-0.9999406337738037},"size":26.1412410736084,"orthographic":false}