{"cameraMode":{"drawMode":0,"name":"Shaded","section":"Shading Mode"},"sceneLighting":false,"audioPlay":false,"sceneViewState":{"showFog":false,"showMaterialUpdate":false,"showSkybox":false,"showFlares":false,"showImageEffects":false,"showParticleSystems":false},"in2DMode":false,"pivot":{"x":491.1144104003906,"y":282.17694091796877,"z":13.61944580078125},"rotation":{"x":0.02218596078455448,"y":0.014409000985324383,"z":0.00031822346500121057,"w":-0.999663233757019},"size":352.900634765625,"orthographic":false}